{
    "BERT": {
        "accuracy": 0.8360849622017293,
        "f1_macro": 0.622697837450507,
        "report": "              precision    recall  f1-score   support\n\n       anger       0.77      0.58      0.66      2040\n     boredom       0.71      0.50      0.59        20\n       empty       0.50      0.55      0.52       925\n  enthusiasm       0.47      0.60      0.53      1541\n         fun       0.60      0.53      0.56      1664\n   happiness       0.51      0.73      0.60      4469\n        hate       0.66      0.59      0.62      2112\n        love       0.83      0.66      0.73      6044\n     neutral       1.00      0.99      0.99     36216\n      relief       0.63      0.53      0.57      2744\n     sadness       0.55      0.69      0.61      2908\n    surprise       0.61      0.52      0.56      1176\n       worry       0.62      0.46      0.53       710\n\n    accuracy                           0.84     62569\n   macro avg       0.65      0.61      0.62     62569\nweighted avg       0.85      0.84      0.84     62569\n",
        "cm": [
            [
                1180,
                0,
                40,
                46,
                31,
                204,
                117,
                35,
                11,
                85,
                234,
                29,
                28
            ],
            [
                1,
                10,
                1,
                1,
                0,
                2,
                0,
                0,
                1,
                1,
                3,
                0,
                0
            ],
            [
                16,
                0,
                508,
                31,
                21,
                112,
                28,
                25,
                4,
                47,
                95,
                25,
                13
            ],
            [
                11,
                0,
                31,
                926,
                58,
                264,
                17,
                83,
                9,
                55,
                43,
                30,
                14
            ],
            [
                11,
                0,
                35,
                133,
                877,
                309,
                27,
                76,
                16,
                59,
                77,
                40,
                4
            ],
            [
                44,
                1,
                75,
                178,
                109,
                3278,
                61,
                189,
                21,
                142,
                305,
                40,
                26
            ],
            [
                68,
                0,
                50,
                49,
                59,
                236,
                1238,
                134,
                13,
                47,
                172,
                31,
                15
            ],
            [
                37,
                0,
                80,
                270,
                151,
                849,
                188,
                3968,
                18,
                141,
                260,
                67,
                15
            ],
            [
                18,
                3,
                12,
                16,
                3,
                50,
                21,
                6,
                35937,
                38,
                78,
                16,
                18
            ],
            [
                34,
                0,
                61,
                124,
                74,
                473,
                57,
                125,
                17,
                1447,
                243,
                60,
                29
            ],
            [
                59,
                0,
                64,
                65,
                31,
                373,
                58,
                74,
                24,
                106,
                1997,
                33,
                24
            ],
            [
                24,
                0,
                36,
                97,
                47,
                134,
                23,
                37,
                5,
                65,
                77,
                617,
                14
            ],
            [
                32,
                0,
                25,
                21,
                11,
                87,
                34,
                19,
                3,
                61,
                65,
                22,
                330
            ]
        ],
        "optuna_params": {
            "learning_rate": 1.0945306188963074e-05,
            "weight_decay": 0.0023230716910762244,
            "warmup_ratio": 0.18371964881495556
        },
        "training_time": 2598.5107543468475
    },
    "XLNet": {
        "accuracy": 0.8386261567229778,
        "f1_macro": 0.6049235095074379,
        "report": "              precision    recall  f1-score   support\n\n       anger       0.61      0.63      0.62      2040\n     boredom       0.62      0.25      0.36        20\n       empty       0.63      0.52      0.57       925\n  enthusiasm       0.56      0.57      0.57      1541\n         fun       0.50      0.55      0.52      1664\n   happiness       0.55      0.70      0.62      4469\n        hate       0.68      0.58      0.62      2112\n        love       0.80      0.68      0.74      6044\n     neutral       0.99      1.00      1.00     36216\n      relief       0.59      0.54      0.57      2744\n     sadness       0.64      0.64      0.64      2908\n    surprise       0.53      0.55      0.54      1176\n       worry       0.52      0.52      0.52       710\n\n    accuracy                           0.84     62569\n   macro avg       0.63      0.59      0.60     62569\nweighted avg       0.84      0.84      0.84     62569\n",